YEAR,GENDER,COUNT(E.GENDER)
1985,F,7388
1985,M,10992
1986,M,12134
1986,F,8020
1987,F,8115
1987,M,12319
1988,M,12362
1988,F,8374
1989,M,12474
1989,F,8569
1990,M,12568
1990,F,8471
1991,M,12727
1991,F,8257
1992,M,12955
1992,F,8593
1993,F,8589
1993,M,12913
1994,M,12877
1994,F,8741
1995,M,13158
1995,F,8750
1996,F,8940
1996,M,13573
1997,F,9100
1997,M,13672
1998,F,9216
1998,M,13717
1999,M,14023
1999,F,9329
2000,F,2190
2000,M,3160
2001,M,2063
2001,F,1408
2002,F,703
2002,M,1163