YEAR,GENDER,COUNT(E.GENDER)
1990,F,8471
1990,M,12568
1991,F,8257
1991,M,12727
1992,F,8593
1992,M,12955
1993,F,8589
1993,M,12913
1994,F,8741
1994,M,12877
1995,F,8750
1995,M,13158
1996,F,8940
1996,M,13573
1997,F,9100
1997,M,13672
1998,F,9216
1998,M,13717
1999,F,9329
1999,M,14023
2000,F,2190
2000,M,3160
2001,F,1408
2001,M,2063
2002,F,703
2002,M,1163